Steps,Policy/Entropy,Environment/Episode Length,Policy/Extrinsic Value Estimate,Environment/Cumulative Reward,Policy/Extrinsic Reward,Is Training
4470000,0.9625999,3.96229802513465,0.020417724,0.04684684684684685,0.04684684684684685,1.0
4480000,0.9625998,4.1831862999481055,0.023003286,0.03163900414937759,0.03163900414937759,1.0
4490000,0.9608985,3.9797230464886253,0.02565723,0.037754595131644315,0.037754595131644315,1.0
4500000,0.9594573,4.028225806451613,0.027067883,0.035228988424760944,0.035228988424760944,1.0
4510000,0.9577809,4.050709939148073,0.025607718,0.03486609398686205,0.03486609398686205,1.0
4520000,0.95634395,4.000500250125063,0.021954376,0.03651825912956478,0.03651825912956478,1.0
4530000,0.95464414,4.003986048829098,0.023220232,0.04297851074462768,0.04297851074462768,1.0
4540000,0.95320433,4.001506024096385,0.022953724,0.042042042042042045,0.042042042042042045,1.0
4550000,0.95137256,3.9495049504950495,0.024732435,0.030183077684314694,0.030183077684314694,1.0
4560000,0.9498027,3.823529411764706,0.026447846,0.041505791505791506,0.041505791505791506,1.0
4570000,0.94797283,3.884973078805678,0.023966571,0.04103566194430874,0.04103566194430874,1.0
4580000,0.9463634,3.959881129271917,0.021078125,0.034209221616261776,0.034209221616261776,1.0
4590000,0.9446771,3.986013986013986,0.023501107,0.03690773067331671,0.03690773067331671,1.0
4600000,0.94323164,3.932711198428291,0.025199948,0.0374384236453202,0.0374384236453202,1.0
4610000,0.94165415,4.09002557544757,0.022933953,0.034640855832908816,0.034640855832908816,1.0
4620000,0.9402856,3.9915296462381664,0.020653239,0.03942115768463074,0.03942115768463074,1.0
4630000,0.9387519,3.9955201592832257,0.025507709,0.05341987019470794,0.05341987019470794,1.0
4640000,0.9374372,4.017641129032258,0.027555764,0.04118533400301356,0.04118533400301356,1.0
4650000,0.93563384,4.046511627906977,0.027969895,0.04133064516129032,0.04133064516129032,1.0
4660000,0.9340477,4.123595505617978,0.027266042,0.04505888376856119,0.04505888376856119,1.0
4670000,0.9320709,4.111282051282052,0.024928726,0.03938618925831202,0.03938618925831202,1.0
4680000,0.93033206,4.070486815415822,0.025295796,0.04107505070993915,0.04107505070993915,1.0
4690000,0.9284273,4.087487283825025,0.026008494,0.048830111902339775,0.048830111902339775,1.0
4700000,0.92670846,4.0225,0.027612176,0.03562468640240843,0.03562468640240843,1.0
4710000,0.92478883,4.019617706237424,0.026476204,0.03965863453815261,0.03965863453815261,1.0
4720000,0.9231007,3.9623015873015874,0.0266357,0.04716981132075472,0.04716981132075472,1.0
4730000,0.92121065,4.008032128514056,0.02689415,0.030576441102756893,0.030576441102756893,1.0
4740000,0.9195052,3.991008991008991,0.027206322,0.04389027431421447,0.04389027431421447,1.0
4750000,0.917482,3.9880418535127053,0.025644407,0.04187437686939183,0.04187437686939183,1.0
4760000,0.91558367,4.00999000999001,0.022362337,0.03911735205616851,0.03911735205616851,1.0
4770000,0.9138677,3.9657398212512414,0.022178715,0.04313336638572137,0.04313336638572137,1.0
4780000,0.91229826,4.150515463917526,0.022237105,0.042268041237113405,0.042268041237113405,1.0
4790000,0.9107918,4.080957230142566,0.025646588,0.045754956786985254,0.045754956786985254,1.0
4800000,0.9093608,4.123076923076923,0.030968083,0.044034818228366614,0.044034818228366614,1.0
4810000,0.90778303,4.060253164556962,0.02702552,0.040991902834008095,0.040991902834008095,1.0
4820000,0.90624523,4.0804248861911985,0.026029183,0.04062976130015236,0.04062976130015236,1.0
4830000,0.9047345,4.005516549648947,0.027604232,0.05405405405405406,0.05405405405405406,1.0
4840000,0.9032619,4.073282442748091,0.031332582,0.05532994923857868,0.05532994923857868,1.0
4850000,0.9017863,4.097759674134419,0.030210076,0.042346938775510205,0.042346938775510205,1.0
4860000,0.9002724,4.00801201802704,0.029943943,0.04652326163081541,0.04652326163081541,1.0
4870000,0.8984842,4.055217831813576,0.03113658,0.03993933265925177,0.03993933265925177,1.0
4880000,0.8966496,4.0894308943089435,0.034370214,0.04480651731160896,0.04480651731160896,1.0
4890000,0.89496434,4.046686746987952,0.02903407,0.045317220543806644,0.045317220543806644,1.0
4900000,0.8932135,3.971971971971972,0.025559524,0.049850448654037885,0.049850448654037885,1.0
4910000,0.89148456,4.056004036326942,0.025163544,0.04494949494949495,0.04494949494949495,1.0
4920000,0.88954544,3.9406821552150273,0.024410915,0.037549407114624504,0.037549407114624504,1.0
4930000,0.8879017,3.9569945625308947,0.02840606,0.04603960396039604,0.04603960396039604,1.0
4940000,0.88610446,3.918065153010859,0.029446688,0.03844258255298177,0.03844258255298177,1.0
4950000,0.88447785,3.9995,0.02670155,0.04195804195804196,0.04195804195804196,1.0
4960000,0.88272107,3.901470588235294,0.025838466,0.033840117704757235,0.033840117704757235,1.0
4970000,0.8812305,4.015515515515515,0.023619425,0.04556835252879319,0.04556835252879319,1.0
4980000,0.8796007,4.050958627648839,0.023516785,0.04341241797072186,0.04341241797072186,1.0
4990000,0.87830395,3.9710434348477284,0.025849734,0.04477611940298507,0.04477611940298507,1.0
5000000,0.8768295,4.09484956654768,0.026403682,0.03926568077511474,0.03926568077511474,1.0
5010000,0.8751382,4.095310907237513,0.029844375,0.04228222109016811,0.04228222109016811,1.0
5020000,0.8731134,4.063765182186235,0.033699334,0.04660587639311044,0.04660587639311044,1.0
5030000,0.8713869,4.099898063200816,0.027060814,0.04075394803871625,0.04075394803871625,1.0
5040000,0.8693486,4.0698027314112295,0.020138066,0.04158215010141988,0.04158215010141988,1.0
5050000,0.86794555,4.0547667342799185,0.027136568,0.05409504550050556,0.05409504550050556,1.0
5060000,0.8662661,4.1151299032093736,0.031623762,0.04445579969340828,0.04445579969340828,1.0
5070000,0.86475295,3.9949849548645937,0.031946637,0.044977511244377814,0.044977511244377814,1.0
5080000,0.8629878,4.07657200811359,0.030802108,0.04060913705583756,0.04060913705583756,1.0
5090000,0.8614018,4.0206341217916455,0.027778778,0.04168759417378202,0.04168759417378202,1.0
5100000,0.859503,3.9302211302211303,0.026155522,0.05714285714285714,0.05714285714285714,1.0
5110000,0.8577863,3.9220907297830374,0.02755747,0.042364532019704436,0.042364532019704436,1.0
5120000,0.8557835,3.91937069813176,0.027994253,0.05211406096361849,0.05211406096361849,1.0
5130000,0.854083,3.877065111758989,0.031059314,0.04191033138401559,0.04191033138401559,1.0
5140000,0.8520755,3.9378727634194832,0.032078724,0.03509639149777558,0.03509639149777558,1.0
5150000,0.8506459,3.917976424361493,0.028867053,0.05555555555555555,0.05555555555555555,1.0
5160000,0.8489142,3.9589515331355094,0.025098432,0.038156590683845394,0.038156590683845394,1.0
5170000,0.84757614,3.9214426877470356,0.027953612,0.053694581280788176,0.053694581280788176,1.0
5180000,0.84595144,3.948692649235323,0.028559834,0.043478260869565216,0.043478260869565216,1.0
5190000,0.84435165,3.8658536585365852,0.028904105,0.042377009254749146,0.042377009254749146,1.0
5200000,0.8423862,3.8933463796477494,0.029069744,0.05582761998041136,0.05582761998041136,1.0
5210000,0.84071916,4.006015037593985,0.029563863,0.04606910365548322,0.04606910365548322,1.0
5220000,0.8386172,3.912254901960784,0.031471685,0.04803921568627451,0.04803921568627451,1.0
5230000,0.8370642,4.007537688442211,0.03187387,0.04411027568922306,0.04411027568922306,1.0
5240000,0.83512837,3.9638792676892627,0.032374475,0.0451837140019861,0.0451837140019861,1.0
5250000,0.8336078,3.953846153846154,0.030326752,0.037642397226349676,0.037642397226349676,1.0
5260000,0.8316905,3.9702970297029703,0.028366037,0.054121151936444886,0.054121151936444886,1.0
5270000,0.8301747,4.069826707441386,0.028740296,0.0487062404870624,0.0487062404870624,1.0
5280000,0.8282634,3.9995027349577326,0.030632084,0.047452547452547456,0.047452547452547456,1.0
5290000,0.82657903,3.993480441323972,0.02682447,0.04352176088044022,0.04352176088044022,1.0
5300000,0.8244798,3.9318518518518517,0.02406081,0.05372104484967965,0.05372104484967965,1.0
5310000,0.8228164,3.9540286702916463,0.028762726,0.045522018802572985,0.045522018802572985,1.0
5320000,0.8206949,3.9280078895463513,0.035414185,0.04785397138628515,0.04785397138628515,1.0
5330000,0.8190667,3.9147363233119763,0.032965504,0.051055473735886106,0.051055473735886106,1.0
5340000,0.8169596,3.8905789990186457,0.030013671,0.047968673519334315,0.047968673519334315,1.0
5350000,0.8150934,3.8459669582118563,0.033663183,0.05377906976744186,0.05377906976744186,1.0
5360000,0.8127404,3.8858961802154752,0.035240747,0.04007820136852395,0.04007820136852395,1.0
5370000,0.81085354,3.830197780993729,0.031787608,0.0488394584139265,0.0488394584139265,1.0
5380000,0.8084116,3.986076578816509,0.028029162,0.04079601990049751,0.04079601990049751,1.0
5390000,0.80688095,3.8728606356968216,0.028927356,0.04780487804878049,0.04780487804878049,1.0
5400000,0.8049001,3.806606031594064,0.03043731,0.04519230769230769,0.04519230769230769,1.0
5410000,0.80365425,3.8723716381418094,0.029733948,0.05360623781676413,0.05360623781676413,1.0
5420000,0.80204207,3.871234207968902,0.028867219,0.05206812652068127,0.05206812652068127,1.0
5430000,0.80083454,3.9745762711864407,0.029316567,0.046742913973147684,0.046742913973147684,1.0
5440000,0.7992306,3.9485403265710044,0.03179459,0.05599603567888999,0.05599603567888999,1.0
5450000,0.7979944,3.9597815292949354,0.032763828,0.04764267990074442,0.04764267990074442,1.0
5460000,0.79635227,3.9411182582879762,0.034921322,0.05380059230009872,0.05380059230009872,1.0
5470000,0.7950244,3.944142362827484,0.036285512,0.06280909990108803,0.06280909990108803,1.0
5480000,0.7932406,3.96575682382134,0.037909318,0.049155908639523335,0.049155908639523335,1.0
5490000,0.79198474,3.914820285573609,0.036797144,0.052088452088452086,0.052088452088452086,1.0
5500000,0.7902267,4.029663147310206,0.031141892,0.05835010060362173,0.05835010060362173,1.0
5510000,0.78894246,3.9367588932806323,0.032664917,0.05577492596248766,0.05577492596248766,1.0
5520000,0.78714466,3.921259842519685,0.031444155,0.05610236220472441,0.05610236220472441,1.0
5530000,0.78567374,3.9442800788954635,0.03475002,0.05931784478497281,0.05931784478497281,1.0
5540000,0.7836457,3.9212985735366455,0.03985547,0.046237088047220855,0.046237088047220855,1.0
5550000,0.78232443,3.8829839102876647,0.037526302,0.0469208211143695,0.0469208211143695,1.0
5560000,0.78042513,3.935739001482946,0.035139743,0.05426739023186976,0.05426739023186976,1.0
5570000,0.7792193,3.899706457925636,0.031924646,0.05683488486036257,0.05683488486036257,1.0
5580000,0.77751255,3.9292429490351313,0.028139994,0.05519960571710202,0.05519960571710202,1.0
5590000,0.7761191,3.9850299401197606,0.033990875,0.059322033898305086,0.059322033898305086,1.0
5600000,0.77416825,3.9965139442231075,0.040892743,0.047976011994003,0.047976011994003,1.0
5610000,0.77261233,4.020140986908358,0.035869703,0.0481685900652283,0.0481685900652283,1.0
5620000,0.77037585,3.992007992007992,0.028019203,0.046430354468297554,0.046430354468297554,1.0
5630000,0.768957,3.9880299251870324,0.02857382,0.06580259222333001,0.06580259222333001,1.0
5640000,0.76694876,3.977159880834161,0.031074448,0.04975124378109453,0.04975124378109453,1.0
5650000,0.7658187,3.993993993993994,0.031474993,0.05297351324337831,0.05297351324337831,1.0
5660000,0.7641942,3.994029850746269,0.03172801,0.0499001996007984,0.0499001996007984,1.0
5670000,0.76290387,4.0125628140703515,0.032112177,0.06315789473684211,0.06315789473684211,1.0
5680000,0.7610489,3.979062811565304,0.03146496,0.046836073741903336,0.046836073741903336,1.0
5690000,0.75977206,3.8995590396864284,0.032907147,0.060784313725490195,0.060784313725490195,1.0
5700000,0.7578363,3.968609865470852,0.034736935,0.05759682224428997,0.05759682224428997,1.0
5710000,0.75628895,3.9186791522917694,0.035505027,0.05902606984751599,0.05902606984751599,1.0
5720000,0.7540645,3.985022466300549,0.03641431,0.05134596211365902,0.05134596211365902,1.0
5730000,0.7526484,3.9468242245199407,0.035561755,0.06175889328063241,0.06175889328063241,1.0
5740000,0.7505356,4.159314997405294,0.0328194,0.05785123966942149,0.05785123966942149,1.0
5750000,0.74930614,4.080971659919029,0.03751381,0.06700507614213198,0.06700507614213198,1.0
5760000,0.7474223,4.070773930753564,0.04586779,0.05532994923857868,0.05532994923857868,1.0
5770000,0.7460655,4.040241448692153,0.040727872,0.049924357034795766,0.049924357034795766,1.0
5780000,0.7440083,4.023606228026117,0.031650703,0.05572289156626506,0.05572289156626506,1.0
5790000,0.7427821,3.932412432165762,0.032272965,0.057692307692307696,0.057692307692307696,1.0
5800000,0.7408724,4.042338709677419,0.032212395,0.06253151790216843,0.06253151790216843,1.0
5810000,0.7397347,3.9613861386138614,0.034309145,0.06194251734390486,0.06194251734390486,1.0
5820000,0.73794436,4.006506506506507,0.034970563,0.05855855855855856,0.05855855855855856,1.0
5830000,0.73686874,4.045592705167174,0.033571072,0.05255179383527034,0.05255179383527034,1.0
5840000,0.73514783,4.070921985815603,0.03409553,0.05068423720223011,0.05068423720223011,1.0
5850000,0.7340923,4.0535894843276035,0.031845476,0.04908906882591093,0.04908906882591093,1.0
5860000,0.73235697,3.9707486365889935,0.029576328,0.05704365079365079,0.05704365079365079,1.0
5870000,0.7312874,4.013574660633484,0.036906555,0.055165496489468405,0.055165496489468405,1.0
5880000,0.72957623,3.946928746928747,0.047213987,0.06673257538309442,0.06673257538309442,1.0
5890000,0.72809684,3.9521674140508223,0.041243967,0.05610724925521351,0.05610724925521351,1.0
5900000,0.7256898,4.040683073832245,0.03230508,0.06535947712418301,0.06535947712418301,1.0
5910000,0.7242447,3.951195219123506,0.03582625,0.062438057482656094,0.062438057482656094,1.0
5920000,0.7218689,3.9885343968095714,0.0377868,0.05439121756487026,0.05439121756487026,1.0
5930000,0.72053444,3.922129127649088,0.038455628,0.06154603643525357,0.06154603643525357,1.0
5940000,0.7182798,3.943153732081068,0.0358311,0.05390702274975272,0.05390702274975272,1.0
5950000,0.71705675,3.9697120158887786,0.0344789,0.06408345752608048,0.06408345752608048,1.0
5960000,0.7150253,3.942392909896603,0.035973094,0.07305034550839092,0.07305034550839092,1.0
5970000,0.7138398,3.9359165424739193,0.03828137,0.06472332015810277,0.06472332015810277,1.0
5980000,0.7118369,3.9675810473815463,0.04170967,0.058677274987568376,0.058677274987568376,1.0
5990000,0.7106427,3.866408518877057,0.0412069,0.05490767735665695,0.05490767735665695,1.0
6000000,0.70860416,3.948232951717272,0.038703933,0.06640237859266601,0.06640237859266601,1.0
6010000,0.70758647,3.9314933464760964,0.038124006,0.05917159763313609,0.05917159763313609,1.0
6020000,0.7058496,3.940394088669951,0.036884494,0.05725567620927937,0.05725567620927937,1.0
6030000,0.7045639,3.7901056676272815,0.038090095,0.059443911792905084,0.059443911792905084,1.0
6040000,0.7023915,3.933957614588467,0.036227386,0.06268509378084897,0.06268509378084897,1.0
6050000,0.7011302,3.9196472317491424,0.037154667,0.057002457002457,0.057002457002457,1.0
6060000,0.69891745,3.991461577096936,0.038304128,0.06693306693306693,0.06693306693306693,1.0
6070000,0.69772136,3.979672781358453,0.03553187,0.054228855721393035,0.054228855721393035,1.0
6080000,0.69562304,3.9442800788954635,0.033436805,0.06475531389026198,0.06475531389026198,1.0
6090000,0.6944223,3.8925579103006407,0.036902003,0.05775819872736172,0.05775819872736172,1.0
6100000,0.69226104,3.9438976377952755,0.040175863,0.06867588932806325,0.06867588932806325,1.0
6110000,0.69116986,3.9583126550868486,0.03835974,0.05654761904761905,0.05654761904761905,1.0
6120000,0.68916607,3.8922097011268986,0.036439855,0.06069505628976995,0.06069505628976995,1.0
6130000,0.6880088,3.971244422409519,0.03561577,0.06054590570719603,0.06054590570719603,1.0
6140000,0.6859216,3.9524045612295486,0.037008658,0.05252725470763132,0.05252725470763132,1.0
6150000,0.6846108,3.9034958148695225,0.03759384,0.05691854759568204,0.05691854759568204,1.0
6160000,0.682159,3.9138099902056807,0.034134526,0.06683046683046683,0.06683046683046683,1.0
6170000,0.6810176,3.9002457002457,0.035948846,0.057381069151544874,0.057381069151544874,1.0
6180000,0.67886126,3.900931829328102,0.038240265,0.06950562897699461,0.06950562897699461,1.0
6190000,0.6775498,3.859291606016497,0.037546787,0.05682370082564352,0.05682370082564352,1.0
6200000,0.67518437,3.884765625,0.03717801,0.064453125,0.064453125,1.0
6210000,0.6736874,3.9016715830875124,0.036885634,0.05640019617459539,0.05640019617459539,1.0
6220000,0.67085963,3.906555772994129,0.036665056,0.0622854340362923,0.0622854340362923,1.0
6230000,0.66956925,3.892051030421982,0.037975017,0.06412139011257954,0.06412139011257954,1.0
6240000,0.667086,3.943731490621915,0.04160918,0.07422068283028203,0.07422068283028203,1.0
6250000,0.6660301,3.974167908594138,0.04203198,0.070506454816286,0.070506454816286,1.0
6260000,0.664072,3.9950099800399204,0.04662122,0.06993006993006994,0.06993006993006994,1.0
6270000,0.6631588,3.9994997498749374,0.041605808,0.06556556556556556,0.06556556556556556,1.0
6280000,0.661384,3.9436480474542757,0.033173542,0.0691358024691358,0.0691358024691358,1.0
6290000,0.6603522,3.895228726020659,0.037637856,0.061764705882352944,0.061764705882352944,1.0
6300000,0.6582886,3.911100196463654,0.04430468,0.06575073601570167,0.06575073601570167,1.0
6310000,0.65711224,3.9697570649479426,0.041121148,0.060139165009940355,0.060139165009940355,1.0
6320000,0.6548684,3.879512195121951,0.03790977,0.0771484375,0.0771484375,1.0
6330000,0.6538081,3.927371541501976,0.03919844,0.0561576354679803,0.0561576354679803,1.0
6340000,0.65168756,3.9504950495049505,0.03927963,0.06980198019801981,0.06980198019801981,1.0
6350000,0.6506351,3.8543078412391094,0.041980013,0.06450048496605237,0.06450048496605237,1.0
6360000,0.64850986,3.9484382746653446,0.044300817,0.0776843146956952,0.0776843146956952,1.0
6370000,0.647341,3.856174334140436,0.046043042,0.08353569694026226,0.08353569694026226,1.0
6380000,0.6450475,3.9855289421157685,0.049608592,0.05336658354114713,0.05336658354114713,1.0
6390000,0.6438951,3.9356435643564356,0.04296307,0.05725567620927937,0.05725567620927937,1.0
6400000,0.64159024,3.962852897473997,0.031881206,0.0630272952853598,0.0630272952853598,1.0
6410000,0.64048,3.9632389468455043,0.033967238,0.06259314456035768,0.06259314456035768,1.0
6420000,0.6381942,3.967869500741473,0.03824993,0.07528479445269935,0.07528479445269935,1.0
6430000,0.6373296,3.964553170244633,0.03809053,0.06066633515663849,0.06066633515663849,1.0
6440000,0.6356004,3.996007984031936,0.04023315,0.08241758241758242,0.08241758241758242,1.0
6450000,0.6346383,3.8767657087189478,0.04126471,0.06968810916179337,0.06968810916179337,1.0
6460000,0.6326958,3.899655681259223,0.042551592,0.0784698381559588,0.0784698381559588,1.0
6470000,0.6315794,3.958910891089109,0.043916248,0.06739345887016848,0.06739345887016848,1.0
6480000,0.62925905,3.9652777777777777,0.04476292,0.06653426017874876,0.06653426017874876,1.0
6490000,0.6281633,3.898429833169774,0.044378147,0.05689063266307013,0.05689063266307013,1.0
6500000,0.6259073,3.8869395711500974,0.039026294,0.07857491459248414,0.07857491459248414,1.0
6510000,0.6248996,3.983016983016983,0.040896297,0.05776892430278884,0.05776892430278884,1.0
6520000,0.6227635,3.9597615499254846,0.040936098,0.0684863523573201,0.0684863523573201,1.0
6530000,0.6217391,4.042211055276382,0.040438976,0.06098790322580645,0.06098790322580645,1.0
6540000,0.61960995,4.014028056112225,0.039342344,0.08922305764411027,0.08922305764411027,1.0
6550000,0.61849517,3.948756218905473,0.042564064,0.070827142149579,0.070827142149579,1.0
6560000,0.6161999,3.935372471632955,0.044419404,0.06762092793682133,0.06762092793682133,1.0
6570000,0.6150133,3.9623389494549057,0.045344017,0.07302533532041729,0.07302533532041729,1.0
6580000,0.6124978,3.958395245170877,0.045485713,0.07174666006927263,0.07174666006927263,1.0
6590000,0.6113682,3.8836185819070903,0.046372816,0.07425500732779677,0.07425500732779677,1.0
6600000,0.6089734,3.8876404494382024,0.047245324,0.07925636007827788,0.07925636007827788,1.0
6610000,0.6079467,3.968765493306891,0.045822453,0.07245657568238213,0.07245657568238213,1.0
6620000,0.6058127,3.9805680119581464,0.046386637,0.06278026905829596,0.06278026905829596,1.0
6630000,0.6048245,4.0125628140703515,0.044137254,0.0656312625250501,0.0656312625250501,1.0
6640000,0.6027292,3.9711586275484834,0.043565538,0.06470881035340965,0.06470881035340965,1.0
6650000,0.6018195,3.9271749755620724,0.04307341,0.06981317600786627,0.06981317600786627,1.0
6660000,0.5998727,3.952976488244122,0.039266657,0.05952380952380952,0.05952380952380952,1.0
6670000,0.5989547,3.920432220039293,0.04039638,0.06443679291687161,0.06443679291687161,1.0
6680000,0.5969902,3.969681908548708,0.03990781,0.06709741550695825,0.06709741550695825,1.0
6690000,0.5960826,3.9116781157998037,0.04225218,0.06837186424003935,0.06837186424003935,1.0
6700000,0.5940406,3.809432146294514,0.046004854,0.0787704130643612,0.0787704130643612,1.0
6710000,0.59328973,3.871894788114954,0.0473073,0.07748538011695906,0.07748538011695906,1.0
6720000,0.5916004,3.947550717466601,0.048464872,0.06528189910979229,0.06528189910979229,1.0
6730000,0.59075075,3.857073407875547,0.046120755,0.07535245503159942,0.07535245503159942,1.0
6740000,0.58878034,3.9638076351016363,0.0427664,0.06937561942517344,0.06937561942517344,1.0
6750000,0.58800113,3.976628543013426,0.043056052,0.06726457399103139,0.06726457399103139,1.0
6760000,0.58624774,3.9336633663366336,0.045099217,0.07199211045364892,0.07199211045364892,1.0
6770000,0.5853496,3.902486591906387,0.045509484,0.07300342969132778,0.07300342969132778,1.0
6780000,0.58331,3.9764646970455684,0.043552373,0.07619521912350598,0.07619521912350598,1.0
6790000,0.5823147,3.914820285573609,0.043388415,0.07673389080177079,0.07673389080177079,1.0
6800000,0.5800065,3.9425458147597823,0.045285955,0.05437469105289174,0.05437469105289174,1.0
6810000,0.5790681,3.954477981197427,0.043430593,0.06395637084779375,0.06395637084779375,1.0
6820000,0.5768243,3.8482056256062074,0.04140973,0.0774818401937046,0.0774818401937046,1.0
6830000,0.5759461,3.949404761904762,0.04178866,0.06537890044576523,0.06537890044576523,1.0
6840000,0.5738459,3.873054474708171,0.043350875,0.08524111056989771,0.08524111056989771,1.0
6850000,0.57301843,3.8445092322643344,0.044752844,0.06686046511627906,0.06686046511627906,1.0
6860000,0.5709773,3.8512795750845004,0.04469887,0.07751937984496124,0.07751937984496124,1.0
6870000,0.5702703,3.888888888888889,0.0437035,0.06601466992665037,0.06601466992665037,1.0
6880000,0.5685264,3.790407673860911,0.04352436,0.07526366251198466,0.07526366251198466,1.0
6890000,0.5676723,3.9234543670264967,0.043587413,0.0776794493608653,0.0776794493608653,1.0
6900000,0.5656115,3.945328031809145,0.04670409,0.07043650793650794,0.07043650793650794,1.0
6910000,0.5647026,3.932938856015779,0.045344748,0.07824803149606299,0.07824803149606299,1.0
6920000,0.56244034,3.9301181102362204,0.04419898,0.07692307692307693,0.07692307692307693,1.0
6930000,0.5614541,3.9244817374136227,0.04570799,0.07832512315270936,0.07832512315270936,1.0
6940000,0.5590214,3.907843137254902,0.050734337,0.08729769494850417,0.08729769494850417,1.0
6950000,0.55804193,3.951461119366023,0.04790604,0.070827142149579,0.070827142149579,1.0
6960000,0.5555488,4.0285714285714285,0.043495934,0.0718232044198895,0.0718232044198895,1.0
6970000,0.554723,3.920689655172414,0.045372993,0.08714918759231906,0.08714918759231906,1.0
6980000,0.5526023,3.950197238658777,0.04676346,0.06969846762234305,0.06969846762234305,1.0
6990000,0.5517503,3.9625935162094765,0.047550593,0.0720675944333996,0.0720675944333996,1.0
7000000,0.5495115,3.9250493096646943,0.050703365,0.07737801872843765,0.07737801872843765,1.0
7010000,0.5486103,3.8737816764132553,0.049923725,0.07508532423208192,0.07508532423208192,1.0
7020000,0.5462421,3.8513119533527695,0.047716,0.09382596013612056,0.09382596013612056,1.0
7030000,0.545374,3.8645884072089625,0.049036305,0.0732654051431344,0.0732654051431344,1.0
7040000,0.5429968,3.90357317670093,0.052273303,0.08386463952918097,0.08386463952918097,1.0
7050000,0.5422569,3.8883447600391774,0.05260439,0.0747800586510264,0.0747800586510264,1.0
7060000,0.54018116,3.907978463044542,0.04602339,0.0662414131501472,0.0662414131501472,1.0
7070000,0.5393122,3.9005876591576887,0.04832891,0.09647404505386875,0.09647404505386875,1.0
7080000,0.5369535,3.921751968503937,0.051189523,0.07533234859675036,0.07533234859675036,1.0
7090000,0.53611684,3.9253214638971317,0.050552268,0.07881773399014778,0.07881773399014778,1.0
7100000,0.5337701,3.9033840117704757,0.05343244,0.08092202059833252,0.08092202059833252,1.0
7110000,0.5328983,4.053958648512355,0.048718806,0.06265790803436079,0.06265790803436079,1.0
7120000,0.5304318,3.9820448877805488,0.04302292,0.08470353761833582,0.08470353761833582,1.0
7130000,0.52949905,3.9313052011776253,0.045831658,0.07783251231527094,0.07783251231527094,1.0
7140000,0.52694505,3.9159663865546217,0.048198927,0.09274790330537741,0.09274790330537741,1.0
7150000,0.5259417,3.9164619164619165,0.04989616,0.0784313725490196,0.0784313725490196,1.0
7160000,0.5231032,3.9563492063492065,0.05195747,0.07787698412698413,0.07787698412698413,1.0
7170000,0.52213955,3.9284657128761715,0.051550254,0.08826429980276135,0.08826429980276135,1.0
7180000,0.51934475,3.9447459299457326,0.048228353,0.06962962962962962,0.06962962962962962,1.0
7190000,0.5184772,3.9129793510324484,0.048379403,0.07911547911547911,0.07911547911547911,1.0
7200000,0.5160441,3.9820717131474104,0.04589072,0.08071748878923767,0.08071748878923767,1.0
7210000,0.51529896,3.9108813392417527,0.04683405,0.0855036855036855,0.0855036855036855,1.0
7220000,0.5130638,3.9426877470355732,0.051973496,0.07608695652173914,0.07608695652173914,1.0
7230000,0.51231474,3.8437348814707306,0.05086975,0.08426150121065375,0.08426150121065375,1.0
7240000,0.51004833,3.8976493633692457,0.049807485,0.07594316511513964,0.07594316511513964,1.0
7250000,0.509185,3.8633268482490273,0.049786575,0.08029197080291971,0.08029197080291971,1.0
7260000,0.506595,3.835914811229429,0.049232543,0.08462282398452611,0.08462282398452611,1.0
7270000,0.5056998,3.874756335282651,0.047225304,0.06624452021432051,0.06624452021432051,1.0
7280000,0.5029911,3.8119288119288117,0.044758692,0.08810784785748677,0.08810784785748677,1.0
7290000,0.5022401,3.851725814292659,0.04439199,0.08583899127061105,0.08583899127061105,1.0
7300000,0.49998713,3.8353394318728937,0.048100132,0.09714838086031899,0.09714838086031899,1.0
7310000,0.49910888,3.892909535452323,0.05011546,0.07733724914341654,0.07733724914341654,1.0
7320000,0.4965619,3.8715328467153283,0.059241273,0.08369829683698297,0.08369829683698297,1.0
7330000,0.49575827,3.9135375494071147,0.054726362,0.07427447122479094,0.07427447122479094,1.0
7340000,0.4932837,3.8279673234022105,0.04943002,0.07911239749155813,0.07911239749155813,1.0
7350000,0.49260908,3.905743740795287,0.04986487,0.08631682197155469,0.08631682197155469,1.0
7360000,0.49051416,4.00300450676014,0.04927327,0.08158158158158157,0.08158158158158157,1.0
7370000,0.4898887,4.016616314199395,0.048161432,0.07275464124435524,0.07275464124435524,1.0
7380000,0.48780394,3.886986301369863,0.04220396,0.0884652981427175,0.0884652981427175,1.0
7390000,0.4872062,3.906020558002937,0.043561842,0.07062285434036292,0.07062285434036292,1.0
7400000,0.48519716,3.868292682926829,0.051433578,0.09936678032148076,0.09936678032148076,1.0
7410000,0.48453802,3.8726300437530385,0.052555513,0.08048780487804878,0.08048780487804878,1.0
7420000,0.4823408,3.9510869565217392,0.0513129,0.07559288537549406,0.07559288537549406,1.0
7430000,0.48173654,3.8549878345498785,0.05531611,0.09466019417475728,0.09466019417475728,1.0
7440000,0.4796476,3.950544015825915,0.057438254,0.079247152055473,0.079247152055473,1.0
7450000,0.4789317,3.8996082272282075,0.053738438,0.08521057786483839,0.08521057786483839,1.0
7460000,0.47652528,3.9283242708848247,0.051261004,0.08781450419338925,0.08781450419338925,1.0
7470000,0.47577414,3.9970104633781762,0.052209817,0.09735396904643036,0.09735396904643036,1.0
7480000,0.4732495,3.961194029850746,0.05317806,0.08887785501489573,0.08887785501489573,1.0
7490000,0.47245282,3.920743639921722,0.052554816,0.0825147347740668,0.0825147347740668,1.0
7500000,0.46967608,3.998994974874372,0.05116367,0.08108108108108109,0.08108108108108109,1.0
7510000,0.46886483,3.9656716417910447,0.05082253,0.08047690014903129,0.08047690014903129,1.0
7520000,0.46606016,3.9354679802955665,0.04840182,0.07844104588061174,0.07844104588061174,1.0
7530000,0.4653871,3.9093596059113302,0.049102508,0.0825147347740668,0.0825147347740668,1.0
7540000,0.46297216,3.9099804305283756,0.049025986,0.09028459273797841,0.09028459273797841,1.0
7550000,0.46236923,3.9110127826941987,0.049785767,0.07707412862052038,0.07707412862052038,1.0
7560000,0.46020567,3.818753020782987,0.051273108,0.09498553519768563,0.09498553519768563,1.0
7570000,0.45951784,3.8660194174757283,0.050901555,0.08604764219737482,0.08604764219737482,1.0
7580000,0.45702943,3.8562378167641325,0.057378843,0.0826044703595724,0.0826044703595724,1.0
7590000,0.45640773,3.9145383104125737,0.056214232,0.08894348894348894,0.08894348894348894,1.0
7600000,0.45415872,3.912125675012273,0.05012668,0.093811394891945,0.093811394891945,1.0
7610000,0.4536418,3.887041564792176,0.05186085,0.08166259168704157,0.08166259168704157,1.0
7620000,0.4516387,3.9731209556993528,0.053987544,0.08155146693187469,0.08155146693187469,1.0
7630000,0.4510263,3.978628230616302,0.05161291,0.08159203980099503,0.08159203980099503,1.0
7640000,0.44863418,3.9201183431952664,0.049932826,0.08513779527559055,0.08513779527559055,1.0
7650000,0.4480651,3.943759250123335,0.05086332,0.09549727857496289,0.09549727857496289,1.0
7660000,0.44584227,3.9740777666999003,0.05197697,0.0989065606361829,0.0989065606361829,1.0
7670000,0.44533253,3.943153732081068,0.05258078,0.0949085516559565,0.0949085516559565,1.0
7680000,0.44326067,3.954074074074074,0.058176734,0.09351806036615537,0.09351806036615537,1.0
7690000,0.4425448,3.9441147378832837,0.057381272,0.08848245180425111,0.08848245180425111,1.0
7700000,0.43974826,3.936539414972732,0.060874123,0.07707509881422925,0.07707509881422925,1.0
7710000,0.43914163,3.9309664694280078,0.05931958,0.10157790927021697,0.10157790927021697,1.0
7720000,0.4365938,3.9284313725490194,0.050202,0.08419497784342689,0.08419497784342689,1.0
7730000,0.4359517,3.8715328467153283,0.051822692,0.09405458089668615,0.09405458089668615,1.0
7740000,0.43344358,3.9511709018435477,0.054556996,0.08221892025755324,0.08221892025755324,1.0
7750000,0.43279073,4.023115577889447,0.05266874,0.07132094424912104,0.07132094424912104,1.0
7760000,0.43013716,3.884990253411306,0.04973883,0.08837890625,0.08837890625,1.0
7770000,0.4296099,3.949379652605459,0.04902156,0.0797029702970297,0.0797029702970297,1.0
7780000,0.4273009,3.9935258964143427,0.04955036,0.08587119321018473,0.08587119321018473,1.0
7790000,0.4267405,3.9582504970178927,0.050353557,0.08134920634920635,0.08134920634920635,1.0
7800000,0.42438683,3.9855505729945193,0.05204337,0.07726819541375872,0.07726819541375872,1.0
7810000,0.42393157,3.8686131386861313,0.05207719,0.08718947881149537,0.08718947881149537,1.0
7820000,0.42185017,3.9320866141732282,0.050458524,0.10399211434204042,0.10399211434204042,1.0
7830000,0.4213388,3.930830039525692,0.05379157,0.08974358974358974,0.08974358974358974,1.0
7840000,0.4190992,3.951908775409023,0.060352687,0.08114794656110837,0.08114794656110837,1.0
7850000,0.41846198,3.880058508044856,0.062057324,0.10151293313811616,0.10151293313811616,1.0
7860000,0.41576436,3.918145956607495,0.060184494,0.09055118110236221,0.09055118110236221,1.0
7870000,0.41510895,3.892909535452323,0.056562413,0.08704156479217603,0.08704156479217603,1.0
7880000,0.4122161,3.9004413928396273,0.05214767,0.09113179813816756,0.09113179813816756,1.0
7890000,0.41162756,3.8721951219512194,0.05177187,0.08487804878048781,0.08487804878048781,1.0
7900000,0.40905032,3.878286270691334,0.050320245,0.08962493911349245,0.08962493911349245,1.0
7910000,0.4084477,3.925925925925926,0.051158898,0.07836372597338591,0.07836372597338591,1.0
7920000,0.40580857,3.808653846153846,0.055906948,0.09567307692307692,0.09567307692307692,1.0
7930000,0.40521818,3.823756639304684,0.05688238,0.10221793635486982,0.10221793635486982,1.0
7940000,0.40249825,3.8078034682080926,0.06537772,0.10576923076923077,0.10576923076923077,1.0
7950000,0.40194827,3.8592162554426706,0.06496619,0.08839242350655659,0.08839242350655659,1.0
7960000,0.39930022,3.932905772076961,0.0621073,0.0863344844597928,0.0863344844597928,1.0
7970000,0.39885017,3.8626400389673647,0.060848996,0.09064327485380116,0.09064327485380116,1.0
7980000,0.39669988,4.006018054162487,0.056385867,0.08395802098950525,0.08395802098950525,1.0
7990000,0.3962993,3.8976994615761136,0.05451521,0.09985315712187959,0.09985315712187959,1.0
8000000,0.3943706,3.9751119960179193,0.05128107,0.0821304131408661,0.0821304131408661,1.0
8010000,0.3939642,3.9377162629757785,0.05316205,0.09486166007905138,0.09486166007905138,1.0
8020000,0.39193234,3.8425881216803477,0.054620214,0.10014513788098693,0.10014513788098693,1.0
8030000,0.3915134,3.900737100737101,0.05311936,0.08925944090240313,0.08925944090240313,1.0
8040000,0.38941872,3.8995098039215685,0.05555673,0.10773751224289912,0.10773751224289912,1.0
8050000,0.38900247,3.9554455445544554,0.054742467,0.0872583044124938,0.0872583044124938,1.0
8060000,0.38690507,3.88,0.061196376,0.09751340809361288,0.09751340809361288,1.0
8070000,0.38635853,3.9209621993127146,0.062077206,0.09202755905511811,0.09202755905511811,1.0
8080000,0.38362586,3.783796740172579,0.05960492,0.09712918660287082,0.09712918660287082,1.0
8090000,0.3831322,3.877141458639256,0.05921461,0.08780487804878048,0.08780487804878048,1.0
8100000,0.38041687,3.9198623402163224,0.0579755,0.08116084604033448,0.08116084604033448,1.0
8110000,0.37996885,3.8390526824552924,0.059230484,0.10353168843734882,0.10353168843734882,1.0
8120000,0.37748605,3.801057184046132,0.056964867,0.09221902017291066,0.09221902017291066,1.0
8130000,0.37710112,3.8584630350194553,0.057028465,0.09859154929577464,0.09859154929577464,1.0
8140000,0.3748752,3.855550169655841,0.055830296,0.10436893203883495,0.10436893203883495,1.0
8150000,0.37447968,3.863393291200778,0.056643385,0.0938715953307393,0.0938715953307393,1.0
8160000,0.3723044,3.8607594936708862,0.0620359,0.09285367039377734,0.09285367039377734,1.0
8170000,0.37188578,3.8650485436893205,0.06088766,0.0938715953307393,0.0938715953307393,1.0
8180000,0.36956584,3.8409311348205626,0.05973266,0.09341723136495644,0.09341723136495644,1.0
8190000,0.36915612,3.8759765625,0.06028831,0.1,0.1,1.0
8200000,0.36666065,3.8516191396810053,0.052812524,0.10567135239941833,0.10567135239941833,1.0
8210000,0.36617628,3.8298594280174503,0.055899046,0.09381044487427466,0.09381044487427466,1.0
8220000,0.36322588,3.818225650916104,0.062522024,0.1103082851637765,0.1103082851637765,1.0
8230000,0.36269432,3.877799415774099,0.0623285,0.09751340809361288,0.09751340809361288,1.0
8240000,0.35943255,3.9085545722713864,0.06340916,0.09135559921414538,0.09135559921414538,1.0
8250000,0.35899475,3.9242871189773845,0.061489847,0.08074839980305268,0.08074839980305268,1.0
8260000,0.35618034,3.8962818003913893,0.05585903,0.09148727984344422,0.09148727984344422,1.0
8270000,0.35573748,3.86653677545056,0.056809332,0.10559610705596106,0.10559610705596106,1.0
8280000,0.3528905,3.8051948051948052,0.057508934,0.09764309764309764,0.09764309764309764,1.0
8290000,0.35244066,3.878595806923452,0.056987587,0.10439024390243902,0.10439024390243902,1.0
8300000,0.3493819,3.8173493975903616,0.064956054,0.09629272989889263,0.09629272989889263,1.0
8310000,0.3489598,3.918226600985222,0.06242336,0.08066896212493851,0.08066896212493851,1.0
8320000,0.34593865,3.900097943192948,0.052029364,0.10376896720509056,0.10376896720509056,1.0
8330000,0.3454908,3.8638794360719495,0.052158266,0.09090909090909091,0.09090909090909091,1.0
8340000,0.342423,3.8621529469069653,0.060061894,0.11770428015564202,0.11770428015564202,1.0
8350000,0.34199995,3.9017681728880156,0.059308227,0.09269249632172634,0.09269249632172634,1.0
8360000,0.33894968,3.8608949416342413,0.060893875,0.10165369649805447,0.10165369649805447,1.0
8370000,0.33857307,3.9260719566288813,0.06153356,0.10093549975381585,0.10093549975381585,1.0
8380000,0.33568576,3.889486552567237,0.06581464,0.09770395701025891,0.09770395701025891,1.0
8390000,0.33530813,3.8435835351089587,0.06563547,0.12542372881355932,0.12542372881355932,1.0
8400000,0.33258528,3.8677403611517813,0.062956825,0.0974184120798831,0.0974184120798831,1.0
8410000,0.33223906,3.9284304047384007,0.060561076,0.09516765285996055,0.09516765285996055,1.0
8420000,0.32940832,3.8688683827100534,0.05966923,0.10214007782101167,0.10214007782101167,1.0
8430000,0.32903692,3.918759231905465,0.0577914,0.07775590551181102,0.07775590551181102,1.0
8440000,0.32618934,3.8658536585365852,0.051927354,0.11630170316301704,0.11630170316301704,1.0
8450000,0.32581943,3.897810218978102,0.05302174,0.09144254278728606,0.09144254278728606,1.0
8460000,0.3229422,3.855058365758755,0.063084595,0.10252672497570457,0.10252672497570457,1.0
8470000,0.3226582,3.91096901131333,0.062055495,0.09484029484029484,0.09484029484029484,1.0
8480000,0.320336,3.8797653958944283,0.059914913,0.10151293313811616,0.10151293313811616,1.0
8490000,0.32007682,3.930898321816387,0.06061059,0.09516765285996055,0.09516765285996055,1.0
8500000,0.31795737,3.887041564792176,0.05783157,0.10068426197458455,0.10068426197458455,1.0
8510000,0.31765684,3.8244348244348245,0.05952808,0.11770381090207428,0.11770381090207428,1.0
8520000,0.3151818,3.888235294117647,0.06472756,0.11485826001955034,0.11485826001955034,1.0
8530000,0.3148881,3.935340572556762,0.06384033,0.09921026653504442,0.09921026653504442,1.0
8540000,0.31231835,3.9554896142433233,0.07057054,0.09113422486379395,0.09113422486379395,1.0
8550000,0.31206033,3.9489087301587302,0.06961039,0.10792079207920792,0.10792079207920792,1.0
8560000,0.30980256,3.987090367428004,0.05878896,0.1011964107676969,0.1011964107676969,1.0
8570000,0.30953842,3.9880656389855793,0.058248542,0.10673316708229426,0.10673316708229426,1.0
8580000,0.307363,3.9487051792828685,0.05554188,0.11188118811881188,0.11188118811881188,1.0
8590000,0.30708608,3.9875311720698257,0.05631512,0.09376558603491272,0.09376558603491272,1.0
8600000,0.30448312,3.9540059347181007,0.06759673,0.1099009900990099,0.1099009900990099,1.0
8610000,0.30422565,4.020151133501259,0.066454805,0.09396984924623115,0.09396984924623115,1.0
8620000,0.30161422,3.9619753086419753,0.06060892,0.11011904761904762,0.11011904761904762,1.0
8630000,0.30132636,3.911504424778761,0.062317133,0.10466830466830467,0.10466830466830467,1.0
8640000,0.29862052,3.9507707608155145,0.06523178,0.10148514851485149,0.10148514851485149,1.0
8650000,0.2983651,3.96248766041461,0.06606326,0.11645193260654113,0.11645193260654113,1.0
8660000,0.29575604,3.9745762711864407,0.06696877,0.09855649576903933,0.09855649576903933,1.0
8670000,0.29550707,3.8654314968308143,0.06713338,0.11830574488802337,0.11830574488802337,1.0
8680000,0.29276827,3.9472386587771204,0.0631269,0.10885700148441366,0.10885700148441366,1.0
8690000,0.29248163,3.961937716262976,0.062411174,0.09910802775024777,0.09910802775024777,1.0
8700000,0.28955358,3.927651139742319,0.061382756,0.10700197238658778,0.10700197238658778,1.0
8710000,0.28931215,3.92501233349778,0.06015353,0.09561360275998028,0.09561360275998028,1.0
8720000,0.28665656,3.898579127878491,0.063256815,0.11807937285644292,0.11807937285644292,1.0
8730000,0.2864822,3.9371598218703614,0.06315387,0.10266535044422508,0.10266535044422508,1.0
8740000,0.28418344,3.88232421875,0.06401321,0.10498046875,0.10498046875,1.0
8750000,0.28396568,3.8737816764132553,0.06557618,0.1101364522417154,0.1101364522417154,1.0
8760000,0.28109506,3.852713178294574,0.068312004,0.11596312469674915,0.11596312469674915,1.0
8770000,0.28085464,3.878654970760234,0.06571639,0.1121404193076548,0.1121404193076548,1.0
8780000,0.27819163,3.8877450980392156,0.061979234,0.09784735812133072,0.09784735812133072,1.0
8790000,0.2779743,3.8998534440644845,0.06119116,0.10088148873653281,0.10088148873653281,1.0
8800000,0.27534845,3.9308641975308642,0.062417105,0.10212136161815491,0.10212136161815491,1.0
8810000,0.27515545,3.9600197433366238,0.062168278,0.09762140733399405,0.09762140733399405,1.0
8820000,0.2725938,3.8808239333006376,0.06564674,0.11083984375,0.11083984375,1.0
8830000,0.27238828,3.8601364522417154,0.06483723,0.10986874088478367,0.10986874088478367,1.0
8840000,0.26938793,3.847235693501455,0.065487914,0.11536597188560349,0.11536597188560349,1.0
8850000,0.2691869,3.919783464566929,0.06652727,0.11368110236220473,0.11368110236220473,1.0
8860000,0.26590374,3.9015670910871694,0.066338874,0.09799118079372857,0.09799118079372857,1.0
8870000,0.26571435,3.9297987236131564,0.06525345,0.1167487684729064,0.1167487684729064,1.0
8880000,0.2626212,3.990495247623812,0.06438225,0.09785322016974538,0.09785322016974538,1.0
8890000,0.26245517,3.9279012345679014,0.06426734,0.09911242603550297,0.09911242603550297,1.0
8900000,0.25974324,3.8611650485436892,0.06060489,0.11910549343704424,0.11910549343704424,1.0
8910000,0.259581,3.9070339399901624,0.058546662,0.1069676153091266,0.1069676153091266,1.0
8920000,0.2569127,3.8993649242794333,0.067090146,0.09647404505386875,0.09647404505386875,1.0
8930000,0.25677958,3.85985401459854,0.06775385,0.10802919708029197,0.10802919708029197,1.0
8940000,0.2546051,3.8728689722357528,0.06076354,0.09878345498783454,0.09878345498783454,1.0
8950000,0.2544683,3.884652981427175,0.0618055,0.08984375,0.08984375,1.0
8960000,0.2519369,3.871644704734017,0.05836844,0.10818713450292397,0.10818713450292397,1.0
8970000,0.25178888,3.8798828125,0.059224032,0.10053684724255735,0.10053684724255735,1.0
8980000,0.24863839,3.7944682880305196,0.061781287,0.11632359980852082,0.11632359980852082,1.0
8990000,0.24849786,3.8536585365853657,0.063235044,0.1098153547133139,0.1098153547133139,1.0
9000000,0.24550653,3.884934178449537,0.06415806,0.1050830889540567,0.1050830889540567,1.0
9010000,0.24535798,3.8280499519692603,0.06707752,0.1095031355523396,0.1095031355523396,1.0
9020000,0.24259132,3.826614861583293,0.06984631,0.12216320618058908,0.12216320618058908,1.0
9030000,0.24245259,3.9363905325443787,0.06985565,0.11352418558736427,0.11352418558736427,1.0
9040000,0.2395,3.8810336421257925,0.070616424,0.10595703125,0.10595703125,1.0
9050000,0.23937336,3.8415167719980556,0.070439406,0.1152542372881356,0.1152542372881356,1.0
9060000,0.23620775,3.8436293436293436,0.06841474,0.12143202709240446,0.12143202709240446,1.0
9070000,0.23607673,3.8856161021109474,0.06834058,0.10953545232273838,0.10953545232273838,1.0
9080000,0.23328708,3.881951219512195,0.07322175,0.11029770619814544,0.11029770619814544,1.0
9090000,0.23317361,3.92807881773399,0.07374011,0.10256410256410256,0.10256410256410256,1.0
9100000,0.2303371,3.8717073170731706,0.063087344,0.1227471992206527,0.1227471992206527,1.0
9110000,0.23023567,3.8639225181598063,0.06477223,0.12056392805055907,0.12056392805055907,1.0
9120000,0.2271719,3.884220810942843,0.06699653,0.1162677088422081,0.1162677088422081,1.0
9130000,0.22704203,3.9185475956820413,0.06817821,0.119960668633235,0.119960668633235,1.0
9140000,0.22377376,3.883129584352078,0.07028428,0.11577918905715681,0.11577918905715681,1.0
9150000,0.2236792,3.882295242766062,0.07054072,0.1142578125,0.1142578125,1.0
9160000,0.22082339,3.8543783260764393,0.0647518,0.1287032540067994,0.1287032540067994,1.0
9170000,0.2207476,3.930439072520967,0.066518866,0.11297483966452886,0.11297483966452886,1.0
9180000,0.21786779,3.939842209072978,0.06735703,0.10453648915187377,0.10453648915187377,1.0
9190000,0.21780004,3.9533498759305212,0.0683604,0.10852329038652131,0.10852329038652131,1.0
9200000,0.21522546,3.9564571994062345,0.06595812,0.11298315163528246,0.11298315163528246,1.0
9210000,0.21515366,3.8949435444280804,0.06810744,0.11986301369863013,0.11986301369863013,1.0
9220000,0.2124067,3.9016634050880628,0.07011155,0.11513963743263106,0.11513963743263106,1.0
9230000,0.21232566,3.8962635201573255,0.06862364,0.10093091621754043,0.10093091621754043,1.0
9240000,0.20924674,3.840173829068083,0.06574204,0.12433478471214321,0.12433478471214321,1.0
9250000,0.20920575,3.850194552529183,0.06397085,0.11424404472532815,0.11424404472532815,1.0
9260000,0.20605014,3.8446601941747574,0.06883363,0.12336719883889695,0.12336719883889695,1.0
9270000,0.2059972,3.885421745490005,0.06932772,0.11089399120664387,0.11089399120664387,1.0
9280000,0.20327997,3.8507028599127486,0.0754897,0.11736178467507274,0.11736178467507274,1.0
9290000,0.20322087,3.872506082725061,0.076828316,0.12079883097905504,0.12079883097905504,1.0
9300000,0.20018727,3.8454059309674284,0.07074526,0.11590688651794374,0.11590688651794374,1.0
9310000,0.20015053,3.82771896053898,0.07166414,0.11673902556681139,0.11673902556681139,1.0
9320000,0.19730292,3.893627450980392,0.063619636,0.10817425354870289,0.10817425354870289,1.0
9330000,0.19726433,3.860476421973748,0.06618228,0.11721789883268482,0.11721789883268482,1.0
9340000,0.19429414,3.8508474576271188,0.068688415,0.12263693650024236,0.12263693650024236,1.0
9350000,0.19427666,3.9023552502453387,0.06758277,0.09563511525257479,0.09563511525257479,1.0
9360000,0.19156693,3.8313253012048194,0.0697533,0.11974891356832448,0.11974891356832448,1.0
9370000,0.19152896,3.775911708253359,0.07167636,0.11705685618729098,0.11705685618729098,1.0
9380000,0.18860485,3.883495145631068,0.073005006,0.099609375,0.099609375,1.0
9390000,0.18860485,3.8394160583941606,0.0727585,0.1345595353339787,0.1345595353339787,1.0
9400000,0.1852205,3.7734859322842156,0.073210195,0.13317422434367543,0.13317422434367543,1.0
9410000,0.18519986,3.8315688161693937,0.07111814,0.10434782608695652,0.10434782608695652,1.0
9420000,0.18197991,3.760610395803529,0.07393472,0.1399333650642551,0.1399333650642551,1.0
9430000,0.18196079,3.7712511938872972,0.0744193,0.12320916905444126,0.12320916905444126,1.0
9440000,0.17899854,3.8233590733590734,0.08082555,0.10506024096385543,0.10506024096385543,1.0
9450000,0.1789802,3.7847255369928403,0.08267589,0.12063188128291048,0.12063188128291048,1.0
9460000,0.17611766,3.821220930232558,0.071119435,0.12295081967213115,0.12295081967213115,1.0
9470000,0.17611766,3.8496637848222863,0.07007866,0.1119186046511628,0.1119186046511628,1.0
9480000,0.17320928,3.793918918918919,0.0726288,0.1276391554702495,0.1276391554702495,1.0
9490000,0.17320928,3.7636449928808733,0.07521474,0.1434699714013346,0.1434699714013346,1.0
9500000,0.1703848,3.8814306712395883,0.07946646,0.11349245007306381,0.11349245007306381,1.0
9510000,0.1703848,3.8334142787761047,0.08140949,0.12675374939525882,0.12675374939525882,1.0
9520000,0.16767235,3.866279069767442,0.07854759,0.12591152163344677,0.12591152163344677,1.0
9530000,0.16763735,3.906817067189799,0.07668517,0.10603829160530191,0.10603829160530191,1.0
9540000,0.16495596,3.800288046087374,0.07261319,0.12962073931829093,0.12962073931829093,1.0
9550000,0.16492112,3.8678048780487804,0.07138097,0.11192214111922141,0.11192214111922141,1.0
9560000,0.16221023,3.8271366489618543,0.06892201,0.12168034765813616,0.12168034765813616,1.0
9570000,0.16217501,3.7687529861442903,0.071490474,0.13460620525059666,0.13460620525059666,1.0
9580000,0.15948194,3.8004784688995215,0.07340362,0.1318312559923298,0.1318312559923298,1.0
9590000,0.15942948,3.811175337186898,0.072384916,0.13859480269489893,0.13859480269489893,1.0
9600000,0.15646583,3.859154929577465,0.08639678,0.10641399416909621,0.10641399416909621,1.0
9610000,0.15638784,3.8496350364963505,0.08564853,0.11165048543689321,0.11165048543689321,1.0
9620000,0.15322691,3.820414058738565,0.07889287,0.13240250361097738,0.13240250361097738,1.0
9630000,0.15312293,3.7962697274031565,0.080200605,0.12805755395683452,0.12805755395683452,1.0
9640000,0.15018763,3.787325972155545,0.07737466,0.13505747126436782,0.13505747126436782,1.0
9650000,0.15009043,3.8894324853228963,0.07413869,0.10714285714285714,0.10714285714285714,1.0
9660000,0.14739947,3.8318840579710143,0.07437438,0.10767745050700145,0.10767745050700145,1.0
9670000,0.14729254,3.822565091610415,0.07316471,0.10998552821997105,0.10998552821997105,1.0
9680000,0.14466551,3.857073407875547,0.07223001,0.11564625850340136,0.11564625850340136,1.0
9690000,0.14455974,3.8364598364598366,0.07550055,0.1289855072463768,0.1289855072463768,1.0
9700000,0.14208625,3.9285362247412516,0.06888496,0.12266009852216748,0.12266009852216748,1.0
9710000,0.14200434,3.8322017458777884,0.06972026,0.13297872340425532,0.13297872340425532,1.0
9720000,0.13960896,3.8274528757854034,0.07422739,0.1336872586872587,0.1336872586872587,1.0
9730000,0.13951316,3.8711566617862374,0.07298281,0.13054067218704335,0.13054067218704335,1.0
9740000,0.13689707,3.8631732168850075,0.08137882,0.12348079727758872,0.12348079727758872,1.0
9750000,0.13677499,3.8500727802037846,0.083685964,0.13294517224648228,0.13294517224648228,1.0
9760000,0.13425995,3.8634596695821184,0.0769554,0.11527237354085604,0.11527237354085604,1.0
9770000,0.1341418,3.8608949416342413,0.07801821,0.1256697515830492,0.1256697515830492,1.0
9780000,0.13174912,3.808007718282682,0.07553404,0.12962073931829093,0.12962073931829093,1.0
9790000,0.13161978,3.8385693571773802,0.07407153,0.12391093901258471,0.12391093901258471,1.0
9800000,0.12889616,3.782192436572523,0.07818162,0.13193116634799235,0.13193116634799235,1.0
9810000,0.12876734,3.8542982030111705,0.07480788,0.11699029126213592,0.11699029126213592,1.0
9820000,0.12538068,3.8872691933916426,0.076761894,0.11767578125,0.11767578125,1.0
9830000,0.12519884,3.821619001454193,0.07878004,0.12306949806949807,0.12306949806949807,1.0
9840000,0.12204365,3.8756677999028653,0.07738226,0.11733203505355404,0.11733203505355404,1.0
9850000,0.12185177,3.8122883405902273,0.075187676,0.13583815028901733,0.13583815028901733,1.0
9860000,0.119288534,3.833092833092833,0.07686539,0.12361178174794785,0.12361178174794785,1.0
9870000,0.11913266,3.8168197196713387,0.07798527,0.13886210221793635,0.13886210221793635,1.0
9880000,0.117101096,3.84144578313253,0.07893474,0.1276595744680851,0.1276595744680851,1.0
9890000,0.11697754,3.8380998545807077,0.0808326,0.10664081434803684,0.10664081434803684,1.0
9900000,0.114487514,3.7466666666666666,0.077365935,0.1373574144486692,0.1373574144486692,1.0
9910000,0.11433505,3.841392649903288,0.07426672,0.12119748913568325,0.12119748913568325,1.0
9920000,0.111641124,3.791866028708134,0.072491795,0.12739463601532566,0.12739463601532566,1.0
9930000,0.11145662,3.8103946102021173,0.07096515,0.1336227689339122,0.1336227689339122,1.0
9940000,0.10854235,3.7845198279980887,0.08174538,0.14456106870229007,0.14456106870229007,1.0
9950000,0.1083441,3.7839654344695153,0.08364441,0.13786500718046912,0.13786500718046912,1.0
9960000,0.10557207,3.8153326904532303,0.08027469,0.13102119460500963,0.13102119460500963,1.0
9970000,0.10538089,3.770734032411821,0.07867547,0.13447782546494993,0.13447782546494993,1.0
9980000,0.102707274,3.774869109947644,0.08414537,0.13740458015267176,0.13740458015267176,1.0
9990000,0.10250583,3.8297872340425534,0.08089737,0.12173913043478261,0.12173913043478261,1.0
10000000,0.099381156,3.789297658862876,0.082239434,0.1330780277644806,0.1330780277644806,1.0
10010000,0.09916714,3.79855421686747,0.08190333,0.1403171552138395,0.1403171552138395,1.0
10020000,0.096503556,3.8228213769860377,0.082911186,0.1295761078998073,0.1295761078998073,1.0
10030000,0.09630287,3.725165562913907,0.08244238,0.13752362948960303,0.13752362948960303,1.0
10040000,0.09397642,3.7793202489229296,0.07870774,0.13103778096604496,0.13103778096604496,1.0
10050000,0.093817085,3.8736585365853657,0.074205615,0.12426900584795321,0.12426900584795321,1.0
10060000,0.09148889,3.860882210373243,0.08122547,0.12147716229348883,0.12147716229348883,1.0
10070000,0.09131348,3.830590513068732,0.08039143,0.12469792170130498,0.12469792170130498,1.0
10080000,0.08903541,3.829951690821256,0.07910394,0.14396135265700483,0.14396135265700483,1.0
10090000,0.08886138,3.773854961832061,0.07967102,0.13521261347348304,0.13521261347348304,1.0
10100000,0.08649257,3.896078431372549,0.081756525,0.12665036674816627,0.12665036674816627,1.0
10110000,0.086295165,3.867183713039263,0.08118035,0.12749391727493917,0.12749391727493917,1.0
10120000,0.08386631,3.8267182962245885,0.08193386,0.13471752776436505,0.13471752776436505,1.0
10130000,0.08368206,3.8703703703703702,0.08221115,0.11738918655625913,0.11738918655625913,1.0
10140000,0.081205666,3.8457059679767105,0.0749133,0.14008725157537566,0.14008725157537566,1.0
10150000,0.08098054,3.863393291200778,0.07534566,0.11758989310009718,0.11758989310009718,1.0
10160000,0.078571334,3.8214285714285716,0.07902698,0.14705882352941177,0.14705882352941177,1.0
10170000,0.07838857,3.8373668925459827,0.07609358,0.13588007736943908,0.13588007736943908,1.0
10180000,0.07623337,3.785645933014354,0.08668064,0.12505989458552946,0.12505989458552946,1.0
10190000,0.076037444,3.830352827452876,0.08536615,0.14189189189189189,0.14189189189189189,1.0
10200000,0.07383267,3.8452958292919495,0.08417447,0.13317191283292978,0.13317191283292978,1.0
10210000,0.07363224,3.8609077598828696,0.08325202,0.12165450121654502,0.12165450121654502,1.0
10220000,0.07135495,3.8479418886198546,0.08632814,0.13398058252427184,0.13398058252427184,1.0
10230000,0.07114792,3.8505579815623485,0.08392547,0.13171912832929783,0.13171912832929783,1.0
10240000,0.06872769,3.8943248532289627,0.08303976,0.1286692759295499,0.1286692759295499,1.0
10250000,0.06850767,3.879201169020945,0.0796899,0.12445095168374817,0.12445095168374817,1.0
10260000,0.06587844,3.8723818801753533,0.0774514,0.13492450073063808,0.13492450073063808,1.0
10270000,0.06563942,3.8836185819070903,0.07739732,0.13141182217879824,0.13141182217879824,1.0
10280000,0.06290527,3.92603550295858,0.075883895,0.11379310344827587,0.11379310344827587,1.0
10290000,0.062635705,3.8771929824561404,0.07821497,0.13720703125,0.13720703125,1.0
10300000,0.059678137,3.872330097087379,0.07484549,0.13216715257531583,0.13216715257531583,1.0
10310000,0.05938859,3.916049382716049,0.07220934,0.13195470211718366,0.13195470211718366,1.0
10320000,0.05672881,3.8055555555555554,0.07922696,0.1378482228626321,0.1378482228626321,1.0
10330000,0.056466583,3.8710462287104623,0.080019735,0.12408759124087591,0.12408759124087591,1.0
10340000,0.053737067,3.8664383561643834,0.08487859,0.12914230019493178,0.12914230019493178,1.0
10350000,0.05348893,3.8234155781325594,0.08633894,0.12590448625180897,0.12590448625180897,1.0
10360000,0.050909825,3.752254390128144,0.08118684,0.1435361216730038,0.1435361216730038,1.0
10370000,0.05065374,3.8438409311348205,0.08152833,0.15157384987893463,0.15157384987893463,1.0
10380000,0.04834055,3.7945532728141425,0.081230834,0.1231432678485865,0.1231432678485865,1.0
10390000,0.04807806,3.8228460793804455,0.082733534,0.13561776061776062,0.13561776061776062,1.0
10400000,0.045904562,3.882410106899903,0.08152823,0.13121951219512196,0.13121951219512196,1.0
10410000,0.045656163,3.8204512722035524,0.081793666,0.1295761078998073,0.1295761078998073,1.0
10420000,0.043195873,3.817298347910593,0.08216499,0.13513513513513514,0.13513513513513514,1.0
10430000,0.042932272,3.823557692307692,0.082934715,0.14409638554216866,0.14409638554216866,1.0
10440000,0.04051258,3.8131337518107196,0.07987126,0.1333654309099663,0.1333654309099663,1.0
10450000,0.040216643,3.837772397094431,0.07996741,0.13884857281083696,0.13884857281083696,1.0
10460000,0.03812612,3.8455205811138016,0.080413684,0.12997090203685743,0.12997090203685743,1.0
10470000,0.03785344,3.8305984555984556,0.08332174,0.13416988416988418,0.13416988416988418,1.0
10480000,0.03548987,3.8941176470588235,0.08384029,0.12726382770435635,0.12726382770435635,1.0
10490000,0.035200797,3.8317214700193425,0.08571981,0.14340898116851764,0.14340898116851764,1.0
10500000,0.03246257,3.839303000968054,0.0803833,0.13946731234866827,0.13946731234866827,1.0
10510000,0.03210541,3.835016835016835,0.079686664,0.1536231884057971,0.1536231884057971,1.0
10520000,0.029730821,3.8342995169082124,0.08368223,0.13678105364910584,0.13678105364910584,1.0
10530000,0.029440403,3.879725085910653,0.08393511,0.12408402540302882,0.12408402540302882,1.0
10540000,0.028104158,3.8481319747695295,0.08167501,0.14154144449830344,0.14154144449830344,1.0
10550000,0.027929865,3.88525390625,0.07914273,0.1338544211040547,0.1338544211040547,1.0
10560000,0.026260838,3.8319691863264325,0.08637815,0.14099468855625302,0.14099468855625302,1.0
10570000,0.02604314,3.8544303797468356,0.08465349,0.13751214771622935,0.13751214771622935,1.0
10580000,0.024023581,3.810784785748676,0.08433297,0.14237614237614238,0.14237614237614238,1.0
10590000,0.023760162,3.819884726224784,0.0875397,0.15173410404624277,0.15173410404624277,1.0
10600000,0.021494862,3.860476421973748,0.08779233,0.14195430238210988,0.14195430238210988,1.0
10610000,0.021199385,3.801636976408281,0.08818726,0.1315410465674508,0.1315410465674508,1.0
10620000,0.018754972,3.7974137931034484,0.08693772,0.14683301343570057,0.14683301343570057,1.0
10630000,0.018415967,3.8746952705997075,0.085605524,0.13255360623781676,0.13255360623781676,1.0
10640000,0.01596405,3.8728772440562835,0.0824528,0.12749391727493917,0.12749391727493917,1.0
10650000,0.015644234,3.840078010726475,0.08385812,0.14847161572052403,0.14847161572052403,1.0
10660000,0.0130853,3.8553459119496853,0.088063285,0.1425800193986421,0.1425800193986421,1.0
10670000,0.012732983,3.857420924574209,0.09018971,0.12153621779290229,0.12153621779290229,1.0
10680000,0.010254162,3.8323643410852712,0.081429556,0.14154589371980678,0.14154589371980678,1.0
10690000,0.009910385,3.891389432485323,0.080366015,0.13013698630136986,0.13013698630136986,1.0
10700000,0.0077575347,3.9169941060903732,0.08042307,0.12291052114060963,0.12291052114060963,1.0
10710000,0.007458964,3.8710462287104623,0.081718914,0.15245981490501706,0.15245981490501706,1.0
10720000,0.005115579,3.882610813443741,0.08574089,0.1376281112737921,0.1376281112737921,1.0
10730000,0.004790584,3.8289156626506022,0.08762043,0.14582327378078222,0.14582327378078222,1.0
10740000,0.0020329393,3.7849616858237547,0.090437025,0.15494978479196556,0.15494978479196556,1.0
10750000,0.0016504922,3.8505579815623485,0.08915686,0.14493456131846824,0.14493456131846824,1.0
10760000,-0.0013551875,3.824298160696999,0.08587523,0.13623188405797101,0.13623188405797101,1.0
10770000,-0.0017971992,3.7571564885496183,0.08796785,0.15516420752022847,0.15516420752022847,1.0
10780000,-0.004800146,3.8556201550387597,0.08922458,0.13876758854924795,0.13876758854924795,1.0
10790000,-0.005289515,3.8520135856380397,0.088187,0.1354368932038835,0.1354368932038835,1.0
10800000,-0.008008175,3.8246628131021194,0.085759714,0.14802314368370298,0.14802314368370298,1.0
10810000,-0.008431077,3.8724963361016123,0.08157784,0.14334470989761092,0.14334470989761092,1.0
10820000,-0.011131708,3.8483527131782944,0.08670097,0.1396025206010664,0.1396025206010664,1.0
10830000,-0.011548717,3.8215488215488214,0.08841684,0.1496861419604056,0.1496861419604056,1.0
10840000,-0.014325758,3.862354085603113,0.090356685,0.13349514563106796,0.13349514563106796,1.0
10850000,-0.014802413,3.8816625916870415,0.09167253,0.1376281112737921,0.1376281112737921,1.0
10860000,-0.017185807,3.8609756097560974,0.080338344,0.13959143968871596,0.13959143968871596,1.0
10870000,-0.017538905,3.796455938697318,0.079817414,0.1381294964028777,0.1381294964028777,1.0
10880000,-0.019844783,3.7576190476190474,0.0869459,0.16175071360608945,0.16175071360608945,1.0
10890000,-0.020220557,3.8532555879494654,0.084580585,0.14035939776590578,0.14035939776590578,1.0
10900000,-0.022808319,3.8512396694214877,0.09039162,0.13268765133171914,0.13268765133171914,1.0
10910000,-0.023252487,3.8200675349734685,0.09326032,0.1580722891566265,0.1580722891566265,1.0
10920000,-0.026091432,3.886119257086999,0.088167965,0.12212994626282364,0.12212994626282364,1.0
10930000,-0.026557527,3.8508044856167722,0.08653141,0.12427184466019417,0.12427184466019417,1.0
10940000,-0.029043628,3.81026137463698,0.08451391,0.14216867469879518,0.14216867469879518,1.0
10950000,-0.029454865,3.8470873786407767,0.083461754,0.14001937984496124,0.14001937984496124,1.0
10960000,-0.031950817,3.818357487922705,0.08120579,0.13342967244701348,0.13342967244701348,1.0
10970000,-0.032404624,3.7919269581931765,0.0819405,0.1344860710854947,0.1344860710854947,1.0
10980000,-0.034979917,3.773621103117506,0.0815562,0.1592751549833095,0.1592751549833095,1.0
10990000,-0.035425268,3.8029865125240847,0.07917277,0.15273775216138327,0.15273775216138327,1.0
11000000,-0.03761764,3.838725253500724,0.08664971,0.14368650217706821,0.14368650217706821,1.0
11010000,-0.03799677,3.8229317851959363,0.09130666,0.15098890496864448,0.15098890496864448,1.0
11020000,-0.04002253,3.8721951219512194,0.08681564,0.12621832358674465,0.12621832358674465,1.0
11030000,-0.04039085,3.7899761336515514,0.08932662,0.1517472474868358,0.1517472474868358,1.0
11040000,-0.04236836,3.8202898550724638,0.08927669,0.1518804243008679,0.1518804243008679,1.0
11050000,-0.042727906,3.8204633204633205,0.0882685,0.15057915057915058,0.15057915057915058,1.0
11060000,-0.04476408,3.848910411622276,0.09147093,0.14092009685230025,0.14092009685230025,1.0
11070000,-0.045168202,3.861366941347552,0.09002524,0.1487603305785124,0.1487603305785124,1.0
11080000,-0.04695354,3.8343051506316814,0.08814813,0.1470019342359768,0.1470019342359768,1.0
11090000,-0.047313377,3.9067255768286695,0.08867413,0.14573110893032384,0.14573110893032384,1.0
11100000,-0.04921674,3.8263386396526773,0.09126774,0.14520019295706704,0.14520019295706704,1.0
11110000,-0.049579978,3.881746810598626,0.0907887,0.14697265625,0.14697265625,1.0
11120000,-0.051463816,3.8602726387536515,0.08301983,0.149246475449684,0.149246475449684,1.0
11130000,-0.051858112,3.844627299128751,0.07761556,0.1501937984496124,0.1501937984496124,1.0
11140000,-0.053963624,3.8067910090865613,0.09548519,0.15650504080652905,0.15650504080652905,1.0
11150000,-0.054420635,3.7868142444658326,0.0996309,0.16530905606133206,0.16530905606133206,1.0
11160000,-0.056696694,3.828034682080925,0.101362,0.13416988416988418,0.13416988416988418,1.0
11170000,-0.057194587,3.81940441882805,0.10035221,0.15951807228915663,0.15951807228915663,1.0
11180000,-0.059792366,3.8161978661493694,0.09232201,0.14024096385542167,0.14024096385542167,1.0
11190000,-0.060340334,3.8281174771304767,0.08963152,0.14816602316602318,0.14816602316602318,1.0
11200000,-0.0628771,3.8005766458433445,0.08734746,0.15554488718194912,0.15554488718194912,1.0
11210000,-0.06345637,3.792624521072797,0.086396836,0.14148681055155876,0.14148681055155876,1.0
11220000,-0.06592157,3.809042809042809,0.08798978,0.14608361364728495,0.14608361364728495,1.0
11230000,-0.066480085,3.775598086124402,0.09027212,0.15671285236502627,0.15671285236502627,1.0
11240000,-0.06858069,3.811329812770043,0.09565703,0.16361886429258904,0.16361886429258904,1.0
11250000,-0.06908083,3.8505579815623485,0.09469064,0.13523994183228308,0.13523994183228308,1.0
11260000,-0.07155838,3.798367738838214,0.09599193,0.14834373499759962,0.14834373499759962,1.0
11270000,-0.07210461,3.8093869731800765,0.09469773,0.14848630466122056,0.14848630466122056,1.0
11280000,-0.0743705,3.872132747681796,0.088491015,0.14369215781782757,0.14369215781782757,1.0
11290000,-0.07491001,3.789928057553957,0.09162768,0.16938579654510558,0.16938579654510558,1.0
11300000,-0.076949716,3.8663751214771622,0.09277395,0.14188532555879493,0.14188532555879493,1.0
11310000,-0.07745155,3.793551491819057,0.09313998,0.16258992805755396,0.16258992805755396,1.0
11320000,-0.07970457,3.8582486695694245,0.09045175,0.14223300970873787,0.14223300970873787,1.0
11330000,-0.080241,3.916955017301038,0.08934886,0.12155511811023623,0.12155511811023623,1.0
11340000,-0.08252541,3.856727976766699,0.08501047,0.15485436893203883,0.15485436893203883,1.0
11350000,-0.083087444,3.793285371702638,0.086893745,0.15827338129496402,0.15827338129496402,1.0
11360000,-0.085159495,3.869926650366748,0.08831839,0.13777994157740994,0.13777994157740994,1.0
11370000,-0.085677505,3.77698525915359,0.092726484,0.16141356255969436,0.16141356255969436,1.0
11380000,-0.08758124,3.714827096162956,0.09413664,0.15558698727015557,0.15558698727015557,1.0
11390000,-0.08801595,3.7643373493975902,0.09227418,0.158472553699284,0.158472553699284,1.0
11400000,-0.09021426,3.7223796033994336,0.101979196,0.16863486065186584,0.16863486065186584,1.0
11410000,-0.090759434,3.797887662025924,0.104170375,0.14923224568138196,0.14923224568138196,1.0
11420000,-0.092816405,3.84,0.099148385,0.13642960812772134,0.13642960812772134,1.0
11430000,-0.093322486,3.748812915479582,0.09980547,0.16049382716049382,0.16049382716049382,1.0
11440000,-0.09516309,3.7861604997597307,0.09818601,0.15461943513642892,0.15461943513642892,1.0
11450000,-0.09561956,3.7951923076923078,0.09618751,0.15011990407673861,0.15011990407673861,1.0
11460000,-0.09784712,3.751897533206831,0.100230694,0.17188983855650522,0.17188983855650522,1.0
11470000,-0.09841737,3.8178275694106185,0.09832284,0.14816602316602318,0.14816602316602318,1.0
11480000,-0.10073408,3.8347784200385355,0.09306323,0.14845261121856868,0.14845261121856868,1.0
11490000,-0.101308614,3.8444661140906873,0.091119505,0.1527643064985451,0.1527643064985451,1.0
11500000,-0.103416756,3.8594280174503153,0.09458741,0.14881240911294233,0.14881240911294233,1.0
11510000,-0.1039778,3.848249027237354,0.09562237,0.1469447138700291,0.1469447138700291,1.0
11520000,-0.1063233,3.8188824662813103,0.090777144,0.14457831325301204,0.14457831325301204,1.0
11530000,-0.106952585,3.855961070559611,0.09163383,0.152986886838271,0.152986886838271,1.0
11540000,-0.109515816,3.860476421973748,0.086872816,0.15216334467671366,0.15216334467671366,1.0
11550000,-0.1101261,3.8478366553232863,0.087464534,0.16731328806983511,0.16731328806983511,1.0
